,tfidf
курс,0.33260191024837743
балл,0.1904161419928556
служба,0.17614261590413594
тьюторский,0.1646512106060419
университетский,0.14676027880794698
маргарита,0.14565706510941104
поздравлять,0.14565706510941104
занавес,0.14565706510941104
годать,0.14565706510941104
алина,0.14565706510941104
премия,0.14565706510941104
награждать,0.14565706510941104
панфилов,0.14565706510941104
награда,0.13365804487580574
авторский,0.13365804487580574
торжественный,0.13365804487580574
онлайнмодуль,0.13365804487580574
награждение,0.13365804487580574
символика,0.13365804487580574
университет,0.125217330969693
адаптироваться,0.12514460453490822
пятый,0.12514460453490822
пак,0.12514460453490822
мамизеров,0.12514460453490822
вадим,0.12514460453490822
зарабатывать,0.12514460453490822
подарок,0.1185410671807064
эффективно,0.1185410671807064
включить,0.1185410671807064
вести,0.1185410671807064
тгуть,0.1185410671807064
общественный,0.1185410671807064
рейтинг,0.1185410671807064
дарья,0.1131455843013029
предпринимательский,0.1131455843013029
деятельность,0.11254590282667361
студент,0.11059041484986319
совет,0.1085837685265708
учёный,0.1085837685265708
поступить,0.10463214396040538
вид,0.10463214396040538
выполнение,0.10114656406769759
знакомиться,0.10114656406769759
состав,0.10114656406769759
иной,0.10114656406769759
наградить,0.10114656406769759
коллектив,0.09802860660620355
слушатель,0.09802860660620355
пройти,0.0973515663715958
тьютор,0.0952080709964278
самый,0.09263312372680006
погружение,0.09263312372680006
очный,0.09026440185722034
задание,0.09026440185722034
выпускник,0.08807130795206797
получать,0.08807130795206797
жизнь,0.08602958637259824
подразделение,0.08602958637259824
суханов,0.07469561042192496
помочь,0.07338013940397349
среда,0.0697519412827175
научный,0.06863508325958947
встреча,0.05931081890673894
задача,0.0577529210491122
высокий,0.05700368545719787
вуз,0.05286767882947064
томский,0.05223124085630336
год,0.047046386803062286
который,0.03840112786939075
прослушать,0.0
простой,0.0
простота,0.0
продвинуться,0.0
продвижение,0.0
просто,0.0
проделать,0.0
продемонстрировать,0.0
продление,0.0
продолжение,0.0
продлить,0.0
продлиться,0.0
просить,0.0
продолжать,0.0
продолжаться,0.0
продолжить,0.0
прототип,0.0
провести,0.0
проводить,0.0
проводиться,0.0
противоречие,0.0
прогностический,0.0
программа,0.0
противник,0.0
программдоцент,0.0
программнометодический,0.0
продолжительность,0.0
программпереть,0.0
программпо,0.0
программтема,0.0
протестировать,0.0
программывместо,0.0
программынавигация,0.0
прогресс,0.0
пространство,0.0
пространственный,0.0
продвигать,0.0
программный,0.0
проектный,0.0
проектовассамблея,0.0
проектынуть,0.0
проектыпобеда,0.0
проектышкола,0.0
проехать,0.0
проживание,0.0
проживать,0.0
прозументовый,0.0
производительность,0.0
производить,0.0
проверить,0.0
производство,0.0
прокачка,0.0
произойти,0.0
происходитдиректор,0.0
происходить,0.0
прокачивать,0.0
происхождение,0.0
прокачать,0.0
прокатиться,0.0
пройтись,0.0
прокариот,0.0
производственный,0.0
продолжиться,0.0
продукт,0.0
продуктивный,0.0
прорывный,0.0
проректор,0.0
проработка,0.0
продумывать,0.0
пропускать,0.0
продумываться,0.0
прописать,0.0
проект,0.0
прокомментировать,0.0
прообраз,0.0
промышленный,0.0
промышленность,0.0
проектировать,0.0
промпартнерапервать,0.0
проектироваться,0.0
промежуточный,0.0
проектировочный,0.0
проложить,0.0
проектноисследовательский,0.0
пролететь,0.0
проконсультироваться,0.0
проектирование,0.0
приблизить,0.0
прибор,0.0
привезти,0.0
привести,0.0
приветственный,0.0
приветствовать,0.0
привлекательность,0.0
привлекательный,0.0
привлекать,0.0
привлечение,0.0
привлечь,0.0
приволжский,0.0
привычка,0.0
пришкольный,0.0
пригласить,0.0
приглашать,0.0
приглашаться,0.0
приглашение,0.0
пригодиться,0.0
придумать,0.0
придумывать,0.0
приезд,0.0
приезжать,0.0
приехать,0.0
прижиться,0.0
приз,0.0
призвание,0.0
призвать,0.0
привычный,0.0
представлять,0.0
предстоящий,0.0
предусмотреть,0.0
предыдущий,0.0
преемственность,0.0
прежде,0.0
презентация,0.0
презентовать,0.0
президент,0.0
президентский,0.0
преимущественно,0.0
преимущество,0.0
прекрасно,0.0
преуспеть,0.0
преодолевать,0.0
преодоление,0.0
преподавание,0.0
преподавателить,0.0
преподаватель,0.0
преподавателямиещ,0.0
преподавать,0.0
преподавтель,0.0
препятствовать,0.0
пресечение,0.0
пресса,0.0
прессслужба,0.0
претендовать,0.0
претерпеть,0.0
преобразование,0.0
приплетать,0.0
природа,0.0
прислать,0.0
прислушиваться,0.0
присматриваться,0.0
присоединиться,0.0
приступить,0.0
присутствие,0.0
присутствовать,0.0
притом,0.0
приурочить,0.0
приходить,0.0
приходиться,0.0
призма,0.0
причина,0.0
причём,0.0
протяжение,0.0
приют,0.0
приятно,0.0
приём,0.0
приёмный,0.0
проанализировать,0.0
проба,0.0
проблема,0.0
проблемный,0.0
пробовать,0.0
провалиться,0.0
проведение,0.0
прицеп,0.0
признавать,0.0
признание,0.0
призыдлить,0.0
призёр,0.0
прийти,0.0
прийтись,0.0
прикладной,0.0
приложение,0.0
применение,0.0
применимость,0.0
применить,0.0
применять,0.0
применяться,0.0
пример,0.0
приоритетучастник,0.0
принадлежать,0.0
принимать,0.0
приниматься,0.0
приносить,0.0
принцип,0.0
принципиально,0.0
принципиальный,0.0
принятие,0.0
принять,0.0
приобрести,0.0
приобщать,0.0
приобщение,0.0
приобщить,0.0
приоритет,0.0
примерно,0.0
расширить,0.0
расширять,0.0
расширяться,0.0
ратгерский,0.0
реабилитация,0.0
реагировать,0.0
реактор,0.0
реакцииvrбитва,0.0
реакция,0.0
реализация,0.0
реализовать,0.0
реализоваться,0.0
реализовывать,0.0
реализовываться,0.0
предстоять,0.0
реальностистудент,0.0
реальностифото,0.0
реальность,0.0
реальный,0.0
ребята,0.0
ребёнок,0.0
ревизия,0.0
регион,0.0
региональный,0.0
регионеруководитель,0.0
регистр,0.0
регистрация,0.0
регулировать,0.0
регулярно,0.0
реалия,0.0
ран,0.0
ранее,0.0
ранжировать,0.0
ранний,0.0
ранхигс,0.0
рао,0.0
раорегиональный,0.0
раскрывать,0.0
раскрыть,0.0
раскрыться,0.0
распаковываться,0.0
распечатать,0.0
расписание,0.0
расплачиваться,0.0
расширение,0.0
распределение,0.0
распределить,0.0
распределиться,0.0
распределять,0.0
распространять,0.0
рассказать,0.0
рассказывать,0.0
рассматриваться,0.0
рассмотрение,0.0
рассмотреть,0.0
расставить,0.0
рассуждать,0.0
рассчитывать,0.0
рассылаться,0.0
растениязатем,0.0
распорядиться,0.0
решить,0.0
риск,0.0
рискнуть,0.0
рисовать,0.0
рисунок,0.0
рнц,0.0
робот,0.0
ровно,0.0
род,0.0
родина,0.0
родитель,0.0
родительство,0.0
родиться,0.0
рождение,0.0
регулярный,0.0
ролевый,0.0
ролик,0.0
роль,0.0
роман,0.0
романец,0.0
роп,0.0
роппостоянный,0.0
росатом,0.0
роснавык,0.0
россиить,0.0
россииучастник,0.0
российский,0.0
россия,0.0
рост,0.0
ростовнадонуевропейский,0.0
розыгрыш,0.0
редактирование,0.0
редактор,0.0
редакционноиздательский,0.0
редкий,0.0
редко,0.0
режим,0.0
резонанс,0.0
результат,0.0
результативность,0.0
результатынуть,0.0
резюме,0.0
реинжиниринг,0.0
реклама,0.0
рекомендация,0.0
решение,0.0
релевантный,0.0
ремиссиить,0.0
республика,0.0
рестрикция,0.0
ресурс,0.0
ресурсный,0.0
рефлексивный,0.0
рефлексировать,0.0
рефлексия,0.0
рефлексиян,0.0
реформа,0.0
реформирование,0.0
речь,0.0
решать,0.0
решаться,0.0
ректор,0.0
проявлять,0.0
проявляться,0.0
прямой,0.0
психика,0.0
психодиагностик,0.0
психолог,0.0
психологически,0.0
психологический,0.0
психология,0.0
психологопедагогический,0.0
психометрика,0.0
психофизиолог,0.0
психофизиологический,0.0
публика,0.0
рамка,0.0
публиковаться,0.0
публично,0.0
публичный,0.0
пул,0.0
пульсар,0.0
пунктирный,0.0
пустой,0.0
путешествие,0.0
путин,0.0
путь,0.0
пушкин,0.0
пытаться,0.0
пять,0.0
пётр,0.0
работа,0.0
публиковать,0.0
профбюро,0.0
профессионал,0.0
профессионалидеолог,0.0
профессионализацииконечный,0.0
профессионализация,0.0
профессионализм,0.0
профессионаловпрофессор,0.0
профессиональный,0.0
профессия,0.0
профессор,0.0
профессорскопреподавательский,0.0
профилактический,0.0
профиль,0.0
профильный,0.0
проявление,0.0
профориентация,0.0
проходить,0.0
прохождение,0.0
процедура,0.0
процент,0.0
процесс,0.0
процессомсуществовать,0.0
прочесть,0.0
прочитать,0.0
прочный,0.0
прошедшее,0.0
прошедший,0.0
прошлое,0.0
прошлый,0.0
проявить,0.0
профориентационный,0.0
разделение,0.0
разделиться,0.0
разделять,0.0
раздражитель,0.0
различать,0.0
различие,0.0
различный,0.0
размер,0.0
размещать,0.0
размышлять,0.0
разница,0.0
разнонаправленность,0.0
разнообразие,0.0
разноплановый,0.0
работака,0.0
разобрать,0.0
разобраться,0.0
разрабатывать,0.0
разрабатываться,0.0
разработать,0.0
разработка,0.0
разработнический,0.0
разработчик,0.0
разрешение,0.0
разрозненный,0.0
разрыв,0.0
разрывать,0.0
разум,0.0
разумно,0.0
разъяснение,0.0
разный,0.0
работать,0.0
работатька,0.0
работник,0.0
работодатель,0.0
работодный,0.0
работыдевять,0.0
работыдлить,0.0
рабочий,0.0
равновеликий,0.0
равноценный,0.0
рада,0.0
радиодиапазон,0.0
радиофизический,0.0
радиоэлектроника,0.0
разговор,0.0
разбирать,0.0
разбираться,0.0
развивать,0.0
развиваться,0.0
развивающийся,0.0
развилка,0.0
развитие,0.0
развитиюв,0.0
развитой,0.0
развить,0.0
развожатский,0.0
разворачиваться,0.0
разворот,0.0
разгар,0.0
разговаривать,0.0
радиоэлектроникиано,0.0
партнёр,0.0
партнёрский,0.0
партнёрство,0.0
паталах,0.0
патология,0.0
патронат,0.0
пациент,0.0
пациенториентированностисегодний,0.0
пациенториентированность,0.0
педагог,0.0
педагогика,0.0
педагогический,0.0
педагогическийпомить,0.0
педагоговпобедитель,0.0
предоставить,0.0
педбакалавриатаорганизовать,0.0
педкласс,0.0
педпрофиль,0.0
педпрофиляскачать,0.0
пенопласт,0.0
первичный,0.0
первокурсник,0.0
первостепенный,0.0
первый,0.0
перевести,0.0
переговоры,0.0
передавать,0.0
передать,0.0
передовой,0.0
педбакалавриат,0.0
оц,0.0
оценивание,0.0
оценивать,0.0
оцениваться,0.0
оценить,0.0
оценка,0.0
очевидный,0.0
очень,0.0
очередь,0.0
очерчивание,0.0
очно,0.0
очнозаочный,0.0
ошибаться,0.0
ошибиться,0.0
партнеровработодатель,0.0
ощущать,0.0
павел,0.0
падение,0.0
пазуха,0.0
пайплайна,0.0
памятный,0.0
память,0.0
пандемия,0.0
панель,0.0
панельный,0.0
пара,0.0
параллельно,0.0
параметр,0.0
парсинга,0.0
ошибка,0.0
пим,0.0
писать,0.0
письмо,0.0
питчинга,0.0
питчинговать,0.0
пиш,0.0
пищевик,0.0
план,0.0
планета,0.0
планирование,0.0
планировать,0.0
планироваться,0.0
планёрка,0.0
пласт,0.0
переживать,0.0
платон,0.0
платформа,0.0
платформенный,0.0
платформетомский,0.0
пленарный,0.0
плехов,0.0
площадка,0.0
площадь,0.0
плюс,0.0
плюснин,0.0
пмэф,0.0
победа,0.0
победитель,0.0
поблагодарить,0.0
пластиковый,0.0
перейти,0.0
переключаться,0.0
перемена,0.0
перемещаться,0.0
перемещение,0.0
перенести,0.0
переносить,0.0
переосмыслить,0.0
переподготовка,0.0
перепридумывать,0.0
перепроектировать,0.0
переслать,0.0
пересмотреть,0.0
переставлять,0.0
пилотный,0.0
перестраиваться,0.0
переформатирование,0.0
переход,0.0
переходить,0.0
перечень,0.0
период,0.0
персонаж,0.0
персонал,0.0
перспектива,0.0
перспективный,0.0
петербургский,0.0
петлина,0.0
пилот,0.0
пилотаж,0.0
пилотеректор,0.0
перестраивать,0.0
основа,0.0
основание,0.0
основать,0.0
основное,0.0
основной,0.0
основный,0.0
особенно,0.0
особенность,0.0
особый,0.0
осознанно,0.0
осознанность,0.0
осознанный,0.0
осознать,0.0
оставаться,0.0
охотно,0.0
остальной,0.0
останавливаетва,0.0
останавливаться,0.0
остриё,0.0
острый,0.0
осуществлять,0.0
отбираться,0.0
отбор,0.0
отборочный,0.0
отверстие,0.0
ответ,0.0
ответить,0.0
ответственность,0.0
отвечать,0.0
оставить,0.0
опробовать,0.0
опрос,0.0
опросить,0.0
оптика,0.0
опубликовать,0.0
опыт,0.0
опытный,0.0
ораторский,0.0
орбиталь,0.0
организатор,0.0
организаторовпартнерамикейсодатель,0.0
организационнометодический,0.0
организационный,0.0
организация,0.0
оснащение,0.0
организовать,0.0
организовывать,0.0
оргполитик,0.0
ориентированность,0.0
ориентировать,0.0
ориентироваться,0.0
осваивать,0.0
освоение,0.0
освоить,0.0
осенний,0.0
осень,0.0
осеньюстудент,0.0
осмыслить,0.0
осмыслять,0.0
организм,0.0
оторванность,0.0
отправить,0.0
отправиться,0.0
отправляться,0.0
отпраздновать,0.0
отрабатывать,0.0
отработка,0.0
отражать,0.0
отражаться,0.0
отражённый,0.0
отраслевой,0.0
отрасль,0.0
отрасльюуровневый,0.0
отряд,0.0
отдел,0.0
отсев,0.0
отследить,0.0
отсюда,0.0
отт,0.0
оттолкнуться,0.0
отточить,0.0
отходить,0.0
отчислиться,0.0
отчёт,0.0
отчётливо,0.0
офис,0.0
официальный,0.0
офлайнзанятие,0.0
оформлять,0.0
отрядный,0.0
отделение,0.0
отдельно,0.0
отдельный,0.0
отдых,0.0
отец,0.0
отечественный,0.0
отзываться,0.0
отзывыобразовательный,0.0
отказаться,0.0
отклик,0.0
откровение,0.0
откровенно,0.0
открывать,0.0
открытие,0.0
отобрать,0.0
открытый,0.0
открыть,0.0
открыться,0.0
откуда,0.0
отличать,0.0
отличаться,0.0
отличие,0.0
отличный,0.0
отмена,0.0
отметить,0.0
отмечать,0.0
отмечаться,0.0
относительно,0.0
относиться,0.0
отношение,0.0
открытость,0.0
поскольку,0.0
послание,0.0
послать,0.0
последний,0.0
последовательно,0.0
последовательность,0.0
последующий,0.0
послушать,0.0
посмотреть,0.0
поставить,0.0
постановка,0.0
постараться,0.0
постболонский,0.0
постоянно,0.0
побороться,0.0
построение,0.0
построить,0.0
поступать,0.0
поступление,0.0
посчитать,0.0
потанинапрошеть,0.0
потенциал,0.0
потенциальный,0.0
потерянный,0.0
потерять,0.0
поток,0.0
потратить,0.0
потребитель,0.0
потребность,0.0
постоянный,0.0
понравиться,0.0
понятие,0.0
понятно,0.0
понятность,0.0
понятный,0.0
понять,0.0
пообщаться,0.0
попадать,0.0
попасть,0.0
пополниться,0.0
попрактиковаться,0.0
попробовать,0.0
попросить,0.0
популярный,0.0
посещение,0.0
пора,0.0
поработать,0.0
поразмышлять,0.0
поразный,0.0
порождение,0.0
поротниковоорганизатор,0.0
портрет,0.0
портфолио,0.0
портфолиов,0.0
поручить,0.0
порядок,0.0
посвятить,0.0
посетить,0.0
посещать,0.0
попытаться,0.0
предел,0.0
предзащита,0.0
предиктивный,0.0
предиктор,0.0
предлагать,0.0
предлагаться,0.0
предложение,0.0
предложить,0.0
предмет,0.0
предметный,0.0
предназначение,0.0
предназначениепилот,0.0
рсв,0.0
предоставлять,0.0
поучаствовать,0.0
предполагаться,0.0
предположить,0.0
предпосылка,0.0
предприниматель,0.0
предпринимательство,0.0
предпринять,0.0
предприятие,0.0
предрасположенность,0.0
председатель,0.0
предсказывать,0.0
представитель,0.0
представить,0.0
представиться,0.0
представление,0.0
предполагать,0.0
поучать,0.0
поход,0.0
походный,0.0
почва,0.0
почему,0.0
почерпнуть,0.0
почта,0.0
почтовый,0.0
почувствовать,0.0
поэтому,0.0
появиться,0.0
пояснить,0.0
пояснять,0.0
пр,0.0
превосходить,0.0
правильно,0.0
правильный,0.0
правительство,0.0
правление,0.0
право,0.0
практик,0.0
практика,0.0
практикант,0.0
практикоориентированность,0.0
практикоориентировать,0.0
практикум,0.0
практически,0.0
практический,0.0
практичность,0.0
практичный,0.0
правило,0.0
подготовительный,0.0
подготовить,0.0
подготовка,0.0
поддержание,0.0
поддержать,0.0
поддерживать,0.0
поддержка,0.0
подействовать,0.0
поделить,0.0
поделиться,0.0
подкаст,0.0
подкладовый,0.0
подключение,0.0
подключиться,0.0
поновое,0.0
подняться,0.0
подобный,0.0
подобрать,0.0
подойти,0.0
подписать,0.0
подписываться,0.0
подразумевать,0.0
подробно,0.0
подробный,0.0
подросток,0.0
подругий,0.0
подряд,0.0
подсветить,0.0
подстраивать,0.0
поднять,0.0
побывать,0.0
побыть,0.0
поведение,0.0
поверхность,0.0
повестка,0.0
повзрослеть,0.0
повлечь,0.0
повлиять,0.0
повод,0.0
поворот,0.0
повсеместный,0.0
повторить,0.0
повысить,0.0
повышать,0.0
подвести,0.0
повышенный,0.0
поговорить,0.0
погодаев,0.0
погосян,0.0
погружать,0.0
погружаться,0.0
погрузить,0.0
погрузиться,0.0
подарить,0.0
подать,0.0
подбирать,0.0
подбираться,0.0
подборка,0.0
подведение,0.0
повышение,0.0
полгода,0.0
поле,0.0
полезность,0.0
полезный,0.0
полигон,0.0
полина,0.0
политика,0.0
политический,0.0
политология,0.0
полностью,0.0
полноценно,0.0
полный,0.0
половина,0.0
положительно,0.0
подтвердить,0.0
положить,0.0
получение,0.0
получить,0.0
получиться,0.0
польза,0.0
пользователь,0.0
пользоваться,0.0
помимо,0.0
помогать,0.0
помощник,0.0
помощь,0.0
понимание,0.0
понимать,0.0
пониматься,0.0
положительный,0.0
подтверждать,0.0
подумать,0.0
подход,0.0
подходить,0.0
подходящий,0.0
подчеркнуть,0.0
поездка,0.0
поехать,0.0
пожалуй,0.0
пожелание,0.0
позаимствовать,0.0
позаниматься,0.0
позволить,0.0
позволитьвозможный,0.0
пол,0.0
поздний,0.0
позитивный,0.0
позиционирование,0.0
позиция,0.0
познакомить,0.0
познакомиться,0.0
познание,0.0
поином,0.0
поиск,0.0
пойти,0.0
пока,0.0
показатель,0.0
показать,0.0
показывать,0.0
поколение,0.0
позволять,0.0
университетемария,0.0
университетецифровый,0.0
университетконсорциум,0.0
университетный,0.0
университетовпилот,0.0
университетовучастник,0.0
университетомразвитие,0.0
университетосновный,0.0
университеттомский,0.0
университетуниверситетский,0.0
уникальный,0.0
унико,0.0
уникотомский,0.0
унификация,0.0
сад,0.0
употребить,0.0
управленец,0.0
управление,0.0
управленияалександр,0.0
управленческий,0.0
упражнение,0.0
упростить,0.0
упустить,0.0
уровень,0.0
урок,0.0
усвоить,0.0
усиление,0.0
усиливать,0.0
усилие,0.0
упор,0.0
уделять,0.0
уделяться,0.0
удерживать,0.0
удовлетворение,0.0
удовлетворительно,0.0
удовлетворить,0.0
удовлетворённость,0.0
удовольствие,0.0
ужесточение,0.0
узбекистан,0.0
узбекистанстажировка,0.0
узловой,0.0
узнаваемость,0.0
узнавать,0.0
университетеинтенсивный,0.0
указ,0.0
указать,0.0
уклад,0.0
уклон,0.0
укрепление,0.0
укрупнение,0.0
улучшать,0.0
улучшение,0.0
улучшить,0.0
умение,0.0
уметь,0.0
умный,0.0
универсальный,0.0
университетадалый,0.0
узнать,0.0
учг,0.0
учебнометодический,0.0
учебнонаучный,0.0
учебный,0.0
учебуглавный,0.0
ученик,0.0
ученица,0.0
учесть,0.0
учитель,0.0
учитывать,0.0
учить,0.0
учиться,0.0
учреждение,0.0
учувствовать,0.0
ускорение,0.0
учёбытакж,0.0
учёт,0.0
уязвимый,0.0
фабрика,0.0
факт,0.0
фактор,0.0
факультативный,0.0
факультет,0.0
фальк,0.0
фальков,0.0
фальковастенограмма,0.0
фармацевтический,0.0
февраль,0.0
федеральный,0.0
учёба,0.0
ускоренный,0.0
условие,0.0
усложнять,0.0
усложняться,0.0
услышать,0.0
усовершенствование,0.0
успеваемость,0.0
успевать,0.0
успеть,0.0
успех,0.0
успешно,0.0
успешность,0.0
успешный,0.0
установочный,0.0
участник,0.0
устойчивый,0.0
устояться,0.0
устроить,0.0
устройство,0.0
утвердить,0.0
уточнение,0.0
уточнять,0.0
утро,0.0
утром,0.0
ухо,0.0
уходить,0.0
ухудшение,0.0
участвовать,0.0
участие,0.0
устный,0.0
тон,0.0
тоннель,0.0
топовый,0.0
тот,0.0
тотальный,0.0
точка,0.0
точкитакж,0.0
точно,0.0
точный,0.0
тпу,0.0
травма,0.0
традиционный,0.0
традиция,0.0
траектория,0.0
уделить,0.0
трансгаз,0.0
трансформационный,0.0
трансформация,0.0
трансформировать,0.0
трасса,0.0
трассутуннель,0.0
требование,0.0
требовать,0.0
требоваться,0.0
трек,0.0
тренд,0.0
тренер,0.0
тренинг,0.0
третий,0.0
трактовать,0.0
терентьев,0.0
территория,0.0
теряться,0.0
тесный,0.0
тест,0.0
тестирование,0.0
тестировать,0.0
тетрисэстафет,0.0
техник,0.0
технический,0.0
техническихинженерный,0.0
технологический,0.0
технологичность,0.0
технология,0.0
томск,0.0
тип,0.0
типовой,0.0
типология,0.0
тиражирование,0.0
тиражируемость,0.0
тит,0.0
тк,0.0
тлт,0.0
тмтта,0.0
токмаков,0.0
толерантность,0.0
толк,0.0
толстов,0.0
томич,0.0
течение,0.0
тьютордм,0.0
тьюториал,0.0
тьюторомвп,0.0
тьюторство,0.0
тьюторудм,0.0
тюмгу,0.0
тюмень,0.0
тюнинг,0.0
тяжело,0.0
тяжеловатый,0.0
тяжко,0.0
тяжёлый,0.0
увеличение,0.0
увеличивать,0.0
третичный,0.0
уверить,0.0
увидеть,0.0
увидетьвп,0.0
увлечь,0.0
увлечённость,0.0
углубиться,0.0
углубление,0.0
углублённый,0.0
угол,0.0
уголок,0.0
удаваться,0.0
удалённый,0.0
удаться,0.0
удачный,0.0
увеличить,0.0
третьекурсник,0.0
три,0.0
тринашка,0.0
трое,0.0
тройка,0.0
труд,0.0
трудабольшинство,0.0
трудаести,0.0
трудаоб,0.0
трудать,0.0
трудностидм,0.0
трудность,0.0
трудный,0.0
трудовой,0.0
тьюторtalk,0.0
трёхдневный,0.0
трёхкратный,0.0
тс,0.0
ттит,0.0
туда,0.0
тумаковый,0.0
тур,0.0
турнир,0.0
турнирный,0.0
тусура,0.0
тч,0.0
ты,0.0
тыс,0.0
тысяча,0.0
трудоустройство,0.0
шевчик,0.0
шепель,0.0
шестинедельный,0.0
шестой,0.0
шесть,0.0
широкий,0.0
широта,0.0
шкала,0.0
школа,0.0
школойпартнер,0.0
школьник,0.0
школьный,0.0
шлем,0.0
шоу,0.0
федерация,0.0
шукшин,0.0
эврик,0.0
эврикаразвитие,0.0
эдуард,0.0
экзамен,0.0
экзоскелет,0.0
экологиитретий,0.0
экологический,0.0
экологичный,0.0
экономика,0.0
экономический,0.0
экосистема,0.0
это,0.0
этомтакать,0.0
штабной,0.0
человеческий,0.0
челябинск,0.0
челябинский,0.0
чемпион,0.0
чемпионат,0.0
чемпионка,0.0
чемуть,0.0
черкашин,0.0
черников,0.0
черта,0.0
честно,0.0
четверо,0.0
четверть,0.0
четвёртый,0.0
шевченко,0.0
число,0.0
чисто,0.0
читать,0.0
член,0.0
чрезвычайно,0.0
чтение,0.0
что,0.0
чтоть,0.0
чувствовать,0.0
чувствоваться,0.0
шаг,0.0
шамаковый,0.0
шар,0.0
шарик,0.0
четыре,0.0
programmeofficeiotsuru,0.0
qrкод,0.0
red_mad_robot,0.0
science,0.0
self,0.0
experience,0.0
skillbox,0.0
skills,0.0
soft,0.0
softfest,0.0
softблок,0.0
softкомпетенция,0.0
steamteach,0.0
stemлаборатория,0.0
этот,0.0
telegramбота,0.0
tisp,0.0
tomsk,0.0
unovus,0.0
vi,0.0
viii,0.0
vr,0.0
vrarтехнология,0.0
vrбитва,0.0
vrдеть,0.0
vrнекоторое,0.0
vrобучение,0.0
vrсреда,0.0
vrтехнология,0.0
stemподход,0.0
эфиопия,0.0
эффективнокубориада,0.0
эффективность,0.0
cyberclone,0.0
юбилей,0.0
юбилейный,0.0
юговосточный,0.0
юи,0.0
юлия,0.0
юнеско,0.0
юноша,0.0
юрга,0.0
юридический,0.0
юриспруденция,0.0
program,0.0
явление,0.0
являться,0.0
ядерность,0.0
ядро,0.0
язык,0.0
яковлев,0.0
ян,0.0
январь,0.0
ярмарка,0.0
ярослав,0.0
ярославль,0.0
ярый,0.0
gpt,0.0
powerpoint,0.0
юрист,0.0
фип,0.0
фипн,0.0
фита,0.0
фитнесреабилитация,0.0
фия,0.0
флагман,0.0
фокин,0.0
фокус,0.0
фокусгруппа,0.0
фокусироваться,0.0
фонд,0.0
форма,0.0
формат,0.0
формирование,0.0
человекувп,0.0
формироваться,0.0
формулировать,0.0
формулироваться,0.0
формулировка,0.0
форсайт,0.0
форум,0.0
фото,0.0
фотозон,0.0
фп,0.0
фсф,0.0
фтф,0.0
фумо,0.0
фундамент,0.0
фундаментальностивопрос,0.0
формировать,0.0
феноменологический,0.0
фестивалечемпионат,0.0
фестиваль,0.0
фестивальчемпионат,0.0
фестивалячемпионат,0.0
фещенко,0.0
фж,0.0
фигура,0.0
физика,0.0
физикотехнический,0.0
физический,0.0
физматшкола,0.0
фиксик,0.0
фиксироваться,0.0
финтех,0.0
филологический,0.0
философ,0.0
философия,0.0
философский,0.0
филф,0.0
филькин,0.0
фильм,0.0
фильченков,0.0
финал,0.0
финалист,0.0
финальный,0.0
финансирование,0.0
финансированиия,0.0
финансовый,0.0
филиал,0.0
целенаправленно,0.0
целое,0.0
целомдм,0.0
целостный,0.0
целый,0.0
цель,0.0
ценностейвторать,0.0
ценностикак,0.0
ценностный,0.0
ценность,0.0
ценный,0.0
центр,0.0
центральный,0.0
цикл,0.0
фундаментальность,0.0
цифровизация,0.0
цифровой,0.0
црск,0.0
чайный,0.0
частичка,0.0
частность,0.0
частный,0.0
часто,0.0
частый,0.0
часть,0.0
чатбот,0.0
чей,0.0
челлендж,0.0
человек,0.0
циолковский,0.0
фундаментальный,0.0
функционал,0.0
функциональный,0.0
функционирование,0.0
функция,0.0
фурсенко,0.0
фцомофть,0.0
хxiv,0.0
хаба,0.0
хабов,0.0
хакатон,0.0
халипов,0.0
характер,0.0
характеризоваться,0.0
целевой,0.0
характеристикивнимание,0.0
хватать,0.0
химик,0.0
химический,0.0
химия,0.0
химпром,0.0
ход,0.0
ходить,0.0
холдинг,0.0
хороший,0.0
хорошилов,0.0
хотеть,0.0
хотеться,0.0
хотя,0.0
хф,0.0
характеристика,0.0
сменить,0.0
смешанный,0.0
смешение,0.0
смотреть,0.0
смочь,0.0
смысл,0.0
смышляев,0.0
снаружи,0.0
сначала,0.0
снг,0.0
снижать,0.0
снижаться,0.0
снижение,0.0
снимать,0.0
теория,0.0
соавтор,0.0
собеседование,0.0
собеседованиязавершиться,0.0
собирать,0.0
собираться,0.0
собрание,0.0
собранный,0.0
собрать,0.0
собраться,0.0
собственный,0.0
событие,0.0
событийность,0.0
событийный,0.0
событиясотрудник,0.0
снтябрь,0.0
сколковца,0.0
сколтех,0.0
сколько,0.0
сконструировать,0.0
скорее,0.0
скорлыгин,0.0
скоро,0.0
скорость,0.0
скотч,0.0
скф,0.0
слабый,0.0
слайд,0.0
следить,0.0
следователь,0.0
смена,0.0
следующий,0.0
слияние,0.0
словарный,0.0
слово,0.0
сложить,0.0
сложиться,0.0
сложно,0.0
сложность,0.0
сложный,0.0
служащий,0.0
случай,0.0
слушать,0.0
слёт,0.0
смелый,0.0
следовательно,0.0
сознание,0.0
сойтись,0.0
сокращение,0.0
солнечный,0.0
сомнение,0.0
сообщение,0.0
сообщество,0.0
соорганизатор,0.0
соответствие,0.0
соответствовать,0.0
соотносить,0.0
соотноситься,0.0
сопоставимость,0.0
сопровождать,0.0
совершенно,0.0
соревнование,0.0
соревноваться,0.0
сориентироваться,0.0
сословность,0.0
сосредоточиться,0.0
составить,0.0
составление,0.0
составлять,0.0
состояние,0.0
состоять,0.0
состояться,0.0
состязание,0.0
состязаться,0.0
сосуд,0.0
сопровождение,0.0
совершенствование,0.0
совершить,0.0
советник,0.0
советовать,0.0
советский,0.0
совещание,0.0
совместно,0.0
совместный,0.0
совмещать,0.0
совпасть,0.0
современный,0.0
совфеда,0.0
согласиться,0.0
согласно,0.0
созидание,0.0
согласовать,0.0
соглашение,0.0
содействие,0.0
содержание,0.0
содержательный,0.0
соединить,0.0
сожаление,0.0
созвучный,0.0
создавать,0.0
создаваться,0.0
создание,0.0
созданиявадить,0.0
создатель,0.0
создать,0.0
согласный,0.0
самореализация,0.0
самостоятельно,0.0
самостоятельный,0.0
санктпетербург,0.0
санктпетербургесибирский,0.0
санктпетербургский,0.0
сбербанк,0.0
сбивать,0.0
сближение,0.0
сбор,0.0
сборная,0.0
сборный,0.0
свет,0.0
светлана,0.0
сколковский,0.0
свобода,0.0
свободно,0.0
свободыть,0.0
своевременный,0.0
свой,0.0
свойственно,0.0
связанный,0.0
связать,0.0
связка,0.0
связь,0.0
сдвиг,0.0
сделать,0.0
себя,0.0
северин,0.0
свидетельство,0.0
рсппа,0.0
руб,0.0
рубль,0.0
рука,0.0
руководитель,0.0
руководство,0.0
румянцев,0.0
русский,0.0
русскоязычный,0.0
рутинный,0.0
рф,0.0
рфф,0.0
рыбачка,0.0
рынок,0.0
самореализациикурс,0.0
ряд,0.0
рядом,0.0
савченко,0.0
сагандыков,0.0
определённый,0.0
сайт,0.0
сам,0.0
самонавигация,0.0
самообразование,0.0
самоопределение,0.0
самоопределиться,0.0
самоорганизация,0.0
самооценивание,0.0
саморазвитие,0.0
рюкзак,0.0
сестра,0.0
сетевой,0.0
сеть,0.0
сибгма,0.0
сибирский,0.0
сибирь,0.0
сидеть,0.0
сила,0.0
сильно,0.0
сильный,0.0
симпозиум,0.0
симптом,0.0
синица,0.0
сипкина,0.0
северск,0.0
сириус,0.0
система,0.0
систематизировать,0.0
систематический,0.0
системный,0.0
системообразующий,0.0
ситуация,0.0
скажем,0.0
сказать,0.0
скидать,0.0
склад,0.0
складывание,0.0
складываться,0.0
сколково,0.0
сипягин,0.0
сегодня,0.0
сегодняшний,0.0
сезон,0.0
секвенирование,0.0
секвенированиять,0.0
секрет,0.0
сектор,0.0
секция,0.0
селфкомпетенция,0.0
селфскил,0.0
селфскиловва,0.0
сельский,0.0
семейный,0.0
семестр,0.0
сессия,0.0
семинарекак,0.0
семинарна,0.0
семинарсовещание,0.0
семь,0.0
семья,0.0
семёнов,0.0
сентябрь,0.0
сервис,0.0
сергей,0.0
сердечнососудистый,0.0
серия,0.0
серов,0.0
сероваалександр,0.0
сертификат,0.0
серьёзный,0.0
семинар,0.0
студентович,0.0
студентовновобранец,0.0
студентомвп,0.0
студентыамбассадор,0.0
студентыинженер,0.0
студентымиллионер,0.0
студенческий,0.0
студенчество,0.0
ступень,0.0
ступор,0.0
стыковать,0.0
субъект,0.0
субъектность,0.0
суверенитет,0.0
сотрудник,0.0
суп,0.0
супруг,0.0
суть,0.0
сухановак,0.0
сухановановый,0.0
существенно,0.0
существенный,0.0
существование,0.0
существовать,0.0
существующий,0.0
сущность,0.0
сфера,0.0
сферырегистрация,0.0
сфокусировать,0.0
суверенитетать,0.0
сторителлинг,0.0
сторона,0.0
сторонытак,0.0
стоять,0.0
страна,0.0
страничка,0.0
страныотносительный,0.0
страныый,0.0
страта,0.0
стратегирование,0.0
стратегический,0.0
стратегия,0.0
стратсессия,0.0
страх,0.0
студентовва,0.0
стремительно,0.0
стремиться,0.0
стремление,0.0
стрессоустойчивость,0.0
строение,0.0
строительство,0.0
строить,0.0
структура,0.0
структурирование,0.0
студентамдм,0.0
студентамирассматривать,0.0
студентамитгу,0.0
студентка,0.0
студентовамбассадор,0.0
стрежевой,0.0
тгуглавный,0.0
тгударья,0.0
тгудлить,0.0
тгуизучить,0.0
тгумодератор,0.0
тгупервый,0.0
тгупровести,0.0
тгурегистрация,0.0
тгус,0.0
тгусовместный,0.0
тгусоревнование,0.0
тгустудент,0.0
тгуучастник,0.0
тд,0.0
сфокусироваться,0.0
текст,0.0
тектонический,0.0
текущий,0.0
телеграмбот,0.0
телесность,0.0
тело,0.0
тема,0.0
тематика,0.0
тематический,0.0
темп,0.0
температура,0.0
тенденция,0.0
теннис,0.0
теоретический,0.0
тег,0.0
сформировать,0.0
сформироваться,0.0
сформулировать,0.0
схема,0.0
сходить,0.0
сценарий,0.0
считать,0.0
счёт,0.0
сшить,0.0
съезд,0.0
сыграть,0.0
сюда,0.0
сюжет,0.0
таджикистан,0.0
тгпу,0.0
также,0.0
такой,0.0
тактика,0.0
талант,0.0
талантливый,0.0
танец,0.0
тапир,0.0
тарасов,0.0
татьяна,0.0
твой,0.0
творчески,0.0
творческий,0.0
творчество,0.0
тгпк,0.0
таймменеджмент,0.0
союзник,0.0
спасибо,0.0
спбгу,0.0
спбп,0.0
спектр,0.0
специализация,0.0
специализированный,0.0
специализировать,0.0
специалист,0.0
специалистовон,0.0
специалитет,0.0
специально,0.0
специальностейвнедрение,0.0
специальностейфорум,0.0
столько,0.0
специальность,0.0
специальный,0.0
специфика,0.0
спецификадм,0.0
спикер,0.0
список,0.0
спк,0.0
спкфр,0.0
сплочение,0.0
спо,0.0
спорт,0.0
спортивный,0.0
спортсмен,0.0
способ,0.0
специальностинаблюдаться,0.0
сотрудникович,0.0
сотрудничать,0.0
сотрудничество,0.0
софинансироваться,0.0
софия,0.0
софт,0.0
софткомпетенция,0.0
софтскил,0.0
софтскиллзти,0.0
софтфест,0.0
софья,0.0
сохранение,0.0
сохранить,0.0
сохраняться,0.0
сош,0.0
соцзащита,0.0
социальногуманитарный,0.0
социальнодемографический,0.0
социальноэкономический,0.0
социальный,0.0
социогуманитарный,0.0
социокультурный,0.0
социолог,0.0
социологический,0.0
социология,0.0
социоцентр,0.0
соцсеть,0.0
сочетать,0.0
сочи,0.0
соцгум,0.0
стандартный,0.0
становиться,0.0
стараться,0.0
старт,0.0
стартап,0.0
стартаплаборатория,0.0
стартапстудия,0.0
стартовать,0.0
старшеклассник,0.0
старший,0.0
статус,0.0
стать,0.0
статья,0.0
стационарный,0.0
способность,0.0
стеклянный,0.0
стена,0.0
стенд,0.0
стендовый,0.0
степанов,0.0
степень,0.0
степновый,0.0
стереотип,0.0
сто,0.0
стоимость,0.0
стоить,0.0
стол,0.0
столб,0.0
столбовой,0.0
стейкхолдер,0.0
способный,0.0
способствовать,0.0
справка,0.0
спрашивать,0.0
спроектировать,0.0
спрос,0.0
сравнение,0.0
сразу,0.0
средать,0.0
средеть,0.0
среди,0.0
среднее,0.0
среднепрофессиональный,0.0
средний,0.0
стандарт,0.0
средство,0.0
срок,0.0
ссылка,0.0
ссылкеподготовить,0.0
ссылкеприсоединиться,0.0
ссылкерегистрация,0.0
стабильный,0.0
ставить,0.0
ставка,0.0
ставрополь,0.0
стадия,0.0
стажироваться,0.0
стажировка,0.0
стаканчик,0.0
сталкиваться,0.0
средообразующий,0.0
гуманитарный,0.0
гумеров,0.0
давать,0.0
давно,0.0
далее,0.0
далеко,0.0
дальнейший,0.0
дальний,0.0
далёкий,0.0
даниил,0.0
данные,0.0
данный,0.0
данныхважный,0.0
данныхпредфорумный,0.0
онлайнотбор,0.0
два,0.0
дверь,0.0
двигатель,0.0
двигаться,0.0
движение,0.0
двинуться,0.0
двое,0.0
двукратный,0.0
девочка,0.0
девушка,0.0
девять,0.0
действие,0.0
действительно,0.0
действовать,0.0
дать,0.0
город,0.0
городауниверситет,0.0
городеуниверситет,0.0
городсад,0.0
городской,0.0
горячий,0.0
госдума,0.0
госкорпорация,0.0
гостевание,0.0
гость,0.0
государственный,0.0
государство,0.0
госуниверситет,0.0
готовить,0.0
гуманитарнопедагогический,0.0
готовность,0.0
готовый,0.0
гражданин,0.0
грамотность,0.0
гранин,0.0
грант,0.0
грибной,0.0
григорьев,0.0
груз,0.0
груздев,0.0
группа,0.0
групповой,0.0
губернатор,0.0
гуманистический,0.0
готовиться,0.0
деятельностькака,0.0
диагностик,0.0
диагностика,0.0
диагностический,0.0
диалог,0.0
диана,0.0
дивизион,0.0
дидактик,0.0
дидактикатехнология,0.0
дидактический,0.0
дизайн,0.0
дизайнерский,0.0
дин,0.0
дина,0.0
декабрь,0.0
динамичный,0.0
диплом,0.0
дипломдм,0.0
директор,0.0
директория,0.0
дискотека,0.0
дискурс,0.0
дискуссионный,0.0
дискуссия,0.0
дистанционно,0.0
дистанционный,0.0
дисциплина,0.0
дифференцированный,0.0
длинный,0.0
динамика,0.0
декан,0.0
деканат,0.0
делать,0.0
делегация,0.0
делиться,0.0
дело,0.0
деловой,0.0
деменции,0.0
демократичный,0.0
демонстрационный,0.0
демонстрировать,0.0
день,0.0
департамент,0.0
депрессивный,0.0
деятельностный,0.0
деревянный,0.0
дерзать,0.0
десятиклассник,0.0
десятилетие,0.0
десять,0.0
детально,0.0
детальный,0.0
детский,0.0
детскородительский,0.0
детство,0.0
детьмиключевой,0.0
дефицит,0.0
деятельностивый,0.0
деятельностифестиваль,0.0
дерево,0.0
выполнять,0.0
выпуск,0.0
выпускать,0.0
выпускникамивый,0.0
выпускной,0.0
выработать,0.0
выработка,0.0
выражать,0.0
выразить,0.0
высказаться,0.0
высказывать,0.0
высказываться,0.0
высококвалифицированный,0.0
высокопроизводительный,0.0
горный,0.0
выстраивание,0.0
выстраивать,0.0
выступать,0.0
выступаюттомский,0.0
выступить,0.0
выступление,0.0
выступленийтреть,0.0
выступлениявый,0.0
выход,0.0
выходить,0.0
выше,0.0
вышивка,0.0
вышка,0.0
выявить,0.0
высота,0.0
вшэ,0.0
вшэзеркальный,0.0
вшэн,0.0
выбирать,0.0
выбор,0.0
выборы,0.0
выбрать,0.0
вывести,0.0
вывод,0.0
выгоретьспикер,0.0
выдавать,0.0
выдать,0.0
выдача,0.0
выделить,0.0
выполнить,0.0
выделяться,0.0
выездной,0.0
выезжать,0.0
выживать,0.0
вызвать,0.0
вызов,0.0
вызовамия,0.0
вызывать,0.0
выиграть,0.0
выйти,0.0
вылечить,0.0
выложить,0.0
вынести,0.0
выпадать,0.0
выделять,0.0
гибридный,0.0
гигиена,0.0
гильдия,0.0
гимназия,0.0
гипотеза,0.0
гк,0.0
глава,0.0
главное,0.0
главный,0.0
глаз,0.0
глеб,0.0
глобальный,0.0
глубокий,0.0
глубоко,0.0
выявление,0.0
го,0.0
говорить,0.0
годатекст,0.0
годичный,0.0
годуть,0.0
годый,0.0
гойкий,0.0
голосовать,0.0
голохвастый,0.0
гольцов,0.0
гораздо,0.0
гореть,0.0
горизонт,0.0
горноалтайск,0.0
гмии,0.0
выявлять,0.0
выяснить,0.0
выясниться,0.0
вьетнам,0.0
вятка,0.0
вячеслав,0.0
газета,0.0
газовый,0.0
газпром,0.0
газпромбанк,0.0
галажинский,0.0
галина,0.0
гапоненко,0.0
гармоничный,0.0
гибкость,0.0
гдеть,0.0
генеральный,0.0
генератор,0.0
генерация,0.0
генерировать,0.0
гений,0.0
геном,0.0
геномик,0.0
геномный,0.0
геологогеографический,0.0
геометрический,0.0
геополитический,0.0
германия,0.0
герой,0.0
гибкий,0.0
ггф,0.0
закончиться,0.0
закрепить,0.0
закрыть,0.0
заложить,0.0
зам,0.0
замдиректора,0.0
заменить,0.0
заместитель,0.0
заметить,0.0
замысел,0.0
занимать,0.0
заниматься,0.0
занятие,0.0
занятость,0.0
длиться,0.0
заозёрный,0.0
заочный,0.0
запас,0.0
записываться,0.0
запись,0.0
запланировать,0.0
заполнить,0.0
запоминаться,0.0
запрос,0.0
запускать,0.0
запустить,0.0
заработать,0.0
заражение,0.0
заразить,0.0
занять,0.0
завкафедра,0.0
завод,0.0
завязаться,0.0
загадать,0.0
заглянуть,0.0
задавать,0.0
задать,0.0
задействовать,0.0
задуматься,0.0
задумка,0.0
задумываться,0.0
заикин,0.0
заинтересованность,0.0
заинтересованный,0.0
закончить,0.0
зайчатка,0.0
заказ,0.0
заказчик,0.0
заканчивать,0.0
заклинание,0.0
заключаться,0.0
заключение,0.0
заключительный,0.0
заключить,0.0
закон,0.0
законодатель,0.0
законодательный,0.0
законодательство,0.0
законопроект,0.0
заинтересовать,0.0
зеркало,0.0
зеркальный,0.0
зиякаева,0.0
змей,0.0
знакомить,0.0
знакомство,0.0
знание,0.0
знаниевый,0.0
знать,0.0
значение,0.0
значимость,0.0
значимый,0.0
значит,0.0
значительно,0.0
заранее,0.0
зожникнуть,0.0
зона,0.0
зоолог,0.0
зорин,0.0
зрение,0.0
иван,0.0
иванкин,0.0
иво,0.0
игнатьев,0.0
игра,0.0
играть,0.0
игровой,0.0
игрок,0.0
игрыпо,0.0
зож,0.0
зарегистрироваться,0.0
зародиться,0.0
зарубежный,0.0
зарубежье,0.0
заседание,0.0
заслуга,0.0
заслужить,0.0
затем,0.0
затронуть,0.0
затруднять,0.0
зафиксировать,0.0
захватывать,0.0
заходить,0.0
зачетебыть,0.0
зелёный,0.0
зачислить,0.0
зачёт,0.0
зашифровать,0.0
зашкаливало,0.0
защита,0.0
защитный,0.0
заявить,0.0
заявка,0.0
заявление,0.0
здание,0.0
здесьпрограмма,0.0
здорово,0.0
здоровый,0.0
здоровье,0.0
здоровьесбережение,0.0
зачетевалерий,0.0
донести,0.0
доносить,0.0
доп,0.0
дополнительно,0.0
дополнительный,0.0
дополнить,0.0
дополниться,0.0
дополнять,0.0
допускать,0.0
допустить,0.0
дорабатывать,0.0
доработать,0.0
доработка,0.0
дорожный,0.0
зависимость,0.0
доставить,0.0
достаточно,0.0
достигать,0.0
достигнуть,0.0
достижение,0.0
доступ,0.0
доступно,0.0
доступный,0.0
доход,0.0
доцент,0.0
дошкольник,0.0
дошкольный,0.0
дощечка,0.0
дпо,0.0
досрочно,0.0
дмитрий,0.0
днк,0.0
днятакж,0.0
добавить,0.0
добавляться,0.0
добывать,0.0
довести,0.0
доводить,0.0
довольно,0.0
договор,0.0
договориться,0.0
договорённость,0.0
дожидаться,0.0
доказательность,0.0
домнин,0.0
доказательство,0.0
доклад,0.0
докладчик,0.0
докопаться,0.0
доктор,0.0
документ,0.0
документаэти,0.0
документный,0.0
должность,0.0
должный,0.0
доля,0.0
дом,0.0
домбровский,0.0
домик,0.0
доказательный,0.0
ещё,0.0
её,0.0
жаловаться,0.0
жанат,0.0
жаркий,0.0
ждать,0.0
желаемый,0.0
желание,0.0
желать,0.0
живой,0.0
животныхчтый,0.0
животрепещущий,0.0
жизненно,0.0
жизненный,0.0
др,0.0
житель,0.0
жить,0.0
журнал,0.0
журналистика,0.0
жюри,0.0
жёлоб,0.0
заболевание,0.0
заведение,0.0
заведовать,0.0
завершать,0.0
завершение,0.0
завершиться,0.0
завести,0.0
зависеть,0.0
жизньва,0.0
драйвер,0.0
дрименный,0.0
друг,0.0
другоекак,0.0
другоетакж,0.0
другой,0.0
друзьямть,0.0
дума,0.0
думать,0.0
душа,0.0
еа,0.0
евгений,0.0
евразийский,0.0
европа,0.0
естьзатрагиваться,0.0
егоров,0.0
единение,0.0
единомышленник,0.0
единственный,0.0
единство,0.0
единый,0.0
ежегодно,0.0
ежегодный,0.0
екатерина,0.0
елена,0.0
елизавета,0.0
ермальчук,0.0
ермальчукфото,0.0
ермальчукфотография,0.0
естественнонаучный,0.0
егор,0.0
антрополог,0.0
антропянский,0.0
аппарат,0.0
апрель,0.0
апрельский,0.0
апрелямероприятие,0.0
апробациипо,0.0
апробация,0.0
апробировать,0.0
аргументированно,0.0
артмастерская,0.0
артём,0.0
археолог,0.0
архипов,0.0
вшить,0.0
аспектыабсолютный,0.0
аспирант,0.0
аспирантура,0.0
аспирантурышесть,0.0
ассамблеитекст,0.0
ассамблеить,0.0
ассамблея,0.0
ассоциация,0.0
атлас,0.0
атмосфера,0.0
атом,0.0
атомный,0.0
аттестациивозможный,0.0
аттестациимолодёжь,0.0
аспект,0.0
альбина,0.0
альфабанк,0.0
амбассадор,0.0
аминокислотный,0.0
амп,0.0
анализ,0.0
анализировать,0.0
аналитик,0.0
аналитика,0.0
аналитический,0.0
аналог,0.0
аналогичный,0.0
анастасия,0.0
анатолиевич,0.0
антирестрикционный,0.0
английский,0.0
андижан,0.0
андижанский,0.0
андрей,0.0
андриянов,0.0
анжелика,0.0
анкета,0.0
анкетирование,0.0
анкетурезюме,0.0
анна,0.0
ано,0.0
анонимный,0.0
анонс,0.0
анонсировать,0.0
ангелина,0.0
бенефициар,0.0
беспилотный,0.0
бесплатно,0.0
бесплатный,0.0
беспрецедентный,0.0
би,0.0
библиотека,0.0
бизнес,0.0
бизнесинтенсив,0.0
бизнестренер,0.0
бийсквысокий,0.0
бийский,0.0
билет,0.0
билетын,0.0
аттестация,0.0
биоинформатический,0.0
биологический,0.0
биология,0.0
биомеханика,0.0
битва,0.0
благодарность,0.0
благодаря,0.0
благополучие,0.0
благополучиерезультат,0.0
благополучный,0.0
благотворительный,0.0
благоустройство,0.0
ближний,0.0
близкий,0.0
биоинформатика,0.0
аудитория,0.0
афк,0.0
багаж,0.0
база,0.0
базироваться,0.0
базис,0.0
базовый,0.0
байкал,0.0
бакалавриат,0.0
бакалавриатать,0.0
бакалаврский,0.0
бакать,0.0
бактериофаг,0.0
баланс,0.0
белый,0.0
балльный,0.0
балтийский,0.0
банальный,0.0
банников,0.0
батишкаф,0.0
баттло,0.0
бег,0.0
безграмотность,0.0
безопасность,0.0
безопасный,0.0
безукладников,0.0
белов,0.0
белок,0.0
белокуриха,0.0
баланёв,0.0
экспериментальный,0.0
экспериментовк,0.0
эксперт,0.0
экспертамин,0.0
group,0.0
экспертноаналитический,0.0
экспертнопроектировочный,0.0
экспертный,0.0
экспертыпредприниматель,0.0
эл,0.0
электромагнитный,0.0
электрон,0.0
электроника,0.0
электронный,0.0
альбертович,0.0
эмоциональный,0.0
эмпатия,0.0
эмпирический,0.0
энергетика,0.0
энергия,0.0
эпоха,0.0
эссе,0.0
эстетический,0.0
этап,0.0
этапеть,0.0
этапс,0.0
этапсо,0.0
этимный,0.0
eeven,0.0
элемент,0.0
hits,0.0
hr,0.0
httpsiotsururegistrationschoolmio,0.0
httpsvkcomalbum_,0.0
ido,0.0
ifte,0.0
ii,0.0
iii,0.0
international,0.0
itкомпания,0.0
itшколавсего,0.0
labmetaskoltechru,0.0
linguabot,0.0
mater,0.0
эксперимент,0.0
party,0.0
экспертиза,0.0
xv,0.0
эффективный,0.0
этический,0.0
sitronics,0.0
ясинский,0.0
alma,0.0
alphafold,0.0
bembi,0.0
cuboro,0.0
customer,0.0
экосистемный,0.0
экскурсия,0.0
natasha,0.0
айтишник,0.0
академический,0.0
академия,0.0
аква,0.0
аким,0.0
акселератор,0.0
акселераторапервые,0.0
аксеновафото,0.0
аксёнов,0.0
активизироваться,0.0
активно,0.0
активность,0.0
активностьтьюторский,0.0
активный,0.0
xxi,0.0
актуально,0.0
актуальность,0.0
актуальный,0.0
акцент,0.0
акцентировать,0.0
алгоритм,0.0
алевтина,0.0
александр,0.0
александра,0.0
алексей,0.0
алекситимия,0.0
алишина,0.0
алтайазия,0.0
алтайский,0.0
актуализировать,0.0
xxiii,0.0
xxiv,0.0
абдуллин,0.0
абдыкер,0.0
абитуриент,0.0
абитуриентовпрограмма,0.0
абрамовадать,0.0
ава,0.0
аватар,0.0
август,0.0
августpro,0.0
августапройти,0.0
авиационный,0.0
авиация,0.0
азия,0.0
автоматизировать,0.0
автономия,0.0
автор,0.0
агентство,0.0
агробиология,0.0
агробиотека,0.0
агрохаба,0.0
адаптация,0.0
адекватный,0.0
административный,0.0
администрация,0.0
адрес,0.0
адресный,0.0
аз,0.0
азиатский,0.0
автоматизированный,0.0
вожатсковать,0.0
вожатство,0.0
вожатый,0.0
вожатымить,0.0
возвращаться,0.0
возвращение,0.0
возглавлять,0.0
воздействие,0.0
возможно,0.0
возможность,0.0
возможный,0.0
возникать,0.0
возникнуть,0.0
возобновить,0.0
блог,0.0
возрастать,0.0
возрастной,0.0
войти,0.0
вокруг,0.0
волгоград,0.0
волейбол,0.0
волна,0.0
волнение,0.0
волновать,0.0
волнующий,0.0
волонтерство,0.0
волонтёр,0.0
волонтёрский,0.0
волшебник,0.0
возраст,0.0
власть,0.0
влияние,0.0
влиять,0.0
вм,0.0
вместе,0.0
вместо,0.0
вначале,0.0
внедрение,0.0
внедрить,0.0
внедрять,0.0
внедряться,0.0
внесение,0.0
внести,0.0
внеучебный,0.0
вожатский,0.0
внешний,0.0
внимание,0.0
внимательный,0.0
вновь,0.0
вносить,0.0
внутренний,0.0
внутри,0.0
внутрисемейный,0.0
вовлечение,0.0
вовлечь,0.0
вовлечённость,0.0
вода,0.0
водородный,0.0
вожатскай,0.0
внеучебок,0.0
врио,0.0
вряд,0.0
всероссийский,0.0
всесторонний,0.0
встраивание,0.0
встраиваться,0.0
встретиться,0.0
встречать,0.0
встречаться,0.0
встречекакий,0.0
встроить,0.0
вступительный,0.0
вступить,0.0
всё,0.0
вообще,0.0
второй,0.0
второкурсник,0.0
вузамипилот,0.0
вузафестиваль,0.0
вузев,0.0
вузевстретить,0.0
вузеелена,0.0
вузовз,0.0
вузовпилот,0.0
вузовучастник,0.0
вход,0.0
входить,0.0
входной,0.0
вшж,0.0
второе,0.0
воодушевление,0.0
вопервое,0.0
воплотить,0.0
воплотиться,0.0
воплощение,0.0
вопрос,0.0
вопросответ,0.0
вопросыкак,0.0
вопросыработа,0.0
вопрошание,0.0
воспитание,0.0
воспитанник,0.0
воспитанный,0.0
воспитательный,0.0
время,0.0
воспользоваться,0.0
восприниматься,0.0
воспринять,0.0
восприятие,0.0
восточный,0.0
востребованность,0.0
востребовать,0.0
впервые,0.0
впереди,0.0
впечатление,0.0
вполне,0.0
впоследствии,0.0
врач,0.0
временирегистрация,0.0
временной,0.0
воспитывать,0.0
быстро,0.0
быстрый,0.0
быть,0.0
бэкграунд,0.0
бюджетный,0.0
бюрократический,0.0
важно,0.0
важность,0.0
важный,0.0
валерий,0.0
валерия,0.0
валидация,0.0
валюта,0.0
вариант,0.0
владислав,0.0
василий,0.0
васильченко,0.0
васильченкофото,0.0
ваш,0.0
введение,0.0
вводить,0.0
вводиться,0.0
вдовин,0.0
вдохновить,0.0
вдохновлять,0.0
вебинар,0.0
ведущий,0.0
ведьма,0.0
век,0.0
вариативный,0.0
блок,0.0
богатый,0.0
богданов,0.0
болезнь,0.0
болельщик,0.0
болонский,0.0
больший,0.0
большинство,0.0
большой,0.0
бот,0.0
ботаник,0.0
ботанический,0.0
бояться,0.0
бразилия,0.0
бывший,0.0
брать,0.0
браун,0.0
бренд,0.0
брендомучастие,0.0
бронзовый,0.0
будни,0.0
будущее,0.0
будущеедм,0.0
будущий,0.0
будылин,0.0
буквально,0.0
буртеловый,0.0
бфу,0.0
бывать,0.0
братчиков,0.0
видеообращение,0.0
видеоролик,0.0
видеть,0.0
видеться,0.0
видовой,0.0
виза,0.0
визионер,0.0
визит,0.0
виктор,0.0
виктория,0.0
виртуальный,0.0
вицепрезидент,0.0
вк,0.0
вклад,0.0
вектор,0.0
включать,0.0
включаться,0.0
включая,0.0
включение,0.0
включиться,0.0
включённость,0.0
вконтакте,0.0
вконтактез,0.0
вкр,0.0
вкразработчик,0.0
владелец,0.0
владивосток,0.0
владимир,0.0
владимирович,0.0
вкладываться,0.0
великий,0.0
величко,0.0
вернуться,0.0
вероятность,0.0
верхнеуровнев,0.0
вершинин,0.0
весна,0.0
вестись,0.0
весь,0.0
весьма,0.0
вечеринка,0.0
вечерог,0.0
вечером,0.0
вечный,0.0
видео,0.0
взаимодействие,0.0
взаимодействовать,0.0
взаимоисключающий,0.0
взаимообмен,0.0
взаимоотношение,0.0
взаимосвязанный,0.0
взаимосвязь,0.0
взаимоувязанный,0.0
взгляд,0.0
взглянуть,0.0
взрастить,0.0
взрослый,0.0
взять,0.0
взяться,0.0
видение,0.0
вещь,0.0
наладить,0.0
наличие,0.0
наметить,0.0
наметиться,0.0
намечать,0.0
намного,0.0
нанофотоник,0.0
нанять,0.0
наоборот,0.0
написание,0.0
написать,0.0
наполнение,0.0
напомнить,0.0
направить,0.0
идеальный,0.0
направленность,0.0
например,0.0
напряжение,0.0
напутствовать,0.0
наработать,0.0
наработка,0.0
наращивание,0.0
наращивать,0.0
нарк,0.0
наряду,0.0
насекомое,0.0
население,0.0
насколько,0.0
наслать,0.0
направление,0.0
на,0.0
набираться,0.0
наблюдение,0.0
набор,0.0
набрать,0.0
набраться,0.0
наверняка,0.0
наверстать,0.0
навести,0.0
навигационный,0.0
навигация,0.0
навредить,0.0
навсегда,0.0
навстречу,0.0
накопление,0.0
навыковвместо,0.0
нагайцев,0.0
надежда,0.0
надеяться,0.0
надпрофессиональный,0.0
название,0.0
назвать,0.0
назреть,0.0
называть,0.0
наиболее,0.0
найти,0.0
накануне,0.0
накопить,0.0
накопиться,0.0
навык,0.0
начало,0.0
начальник,0.0
начальный,0.0
начать,0.0
начаться,0.0
начинать,0.0
начинаться,0.0
начинающий,0.0
наш,0.0
наём,0.0
нгу,0.0
нгукром,0.0
небезразличный,0.0
неблагополучие,0.0
наследие,0.0
невысокий,0.0
негативноосение,0.0
недавно,0.0
неделя,0.0
недовольный,0.0
недостаток,0.0
недостаточно,0.0
нежелание,0.0
нежели,0.0
независимость,0.0
независимый,0.0
незаинтересованность,0.0
незнакомый,0.0
неизвестный,0.0
небольшой,0.0
наставник,0.0
наставниковдоцент,0.0
наставничество,0.0
настольный,0.0
настоящий,0.0
настроить,0.0
настройка,0.0
насчёт,0.0
насыщенный,0.0
наталия,0.0
наталья,0.0
натолкнуть,0.0
наука,0.0
наукива,0.0
национальный,0.0
наукоёмкость,0.0
научить,0.0
научиться,0.0
научноисследовательский,0.0
научнометодический,0.0
научнообосновать,0.0
научнообразовательный,0.0
научнопедагогический,0.0
научнопопулярный,0.0
научнопрактический,0.0
научнотехнологический,0.0
находить,0.0
находиться,0.0
нацелить,0.0
наукоград,0.0
микро,0.0
микробный,0.0
микроквалификацийв,0.0
микроквалификация,0.0
микростепень,0.0
минимальный,0.0
минимум,0.0
министерство,0.0
министерствтомский,0.0
министр,0.0
минобрнауки,0.0
минпросвещение,0.0
мио,0.0
мир,0.0
мягкий,0.0
мировой,0.0
мисис,0.0
миссия,0.0
мифь,0.0
михаил,0.0
михаилович,0.0
мл,0.0
младший,0.0
млн,0.0
ммф,0.0
мнение,0.0
многие,0.0
многий,0.0
многое,0.0
мировоззрение,0.0
менеджмент,0.0
менять,0.0
меняться,0.0
мера,0.0
мерзлота,0.0
мероприятие,0.0
мероприятиемспутник,0.0
мерч,0.0
местмагистерский,0.0
местность,0.0
местный,0.0
место,0.0
месяц,0.0
метагеном,0.0
мешать,0.0
метагеномный,0.0
метаинженер,0.0
металлоинвест,0.0
металлургический,0.0
метамышление,0.0
метафора,0.0
метод,0.0
методист,0.0
методический,0.0
методология,0.0
методывп,0.0
механизм,0.0
механикоматематический,0.0
мехмат,0.0
метагеномик,0.0
море,0.0
москва,0.0
москвадонский,0.0
москвать,0.0
москвелагерный,0.0
московский,0.0
мост,0.0
мотив,0.0
мотивационный,0.0
мотивация,0.0
мотивировать,0.0
моц,0.0
мочь,0.0
мпг,0.0
многообразие,0.0
мта,0.0
мтс,0.0
мудло,0.0
музей,0.0
музеология,0.0
мультимедиацентр,0.0
мультфильм,0.0
мутация,0.0
муха,0.0
мы,0.0
мыслидарья,0.0
мыслить,0.0
мысль,0.0
мышление,0.0
мско,0.0
множество,0.0
мнск,0.0
мо,0.0
мобильность,0.0
могилевский,0.0
моделирование,0.0
модель,0.0
модератор,0.0
модерировать,0.0
модернизация,0.0
модификация,0.0
модный,0.0
модуль,0.0
мозг,0.0
моральный,0.0
мой,0.0
молекулярный,0.0
молодежипараллельный,0.0
молодой,0.0
молодёжный,0.0
молодёжь,0.0
молотый,0.0
момент,0.0
мона,0.0
мониторинг,0.0
монографиимонография,0.0
монография,0.0
монтессорить,0.0
мораль,0.0
моральноэтический,0.0
мозгкомпьютер,0.0
обучающихсять,0.0
обучение,0.0
обучениевый,0.0
обученияновый,0.0
обученияотдельный,0.0
общаться,0.0
общемто,0.0
общение,0.0
общеобразовательный,0.0
общественность,0.0
общество,0.0
общий,0.0
объединение,0.0
объединить,0.0
неинвазивный,0.0
объект,0.0
объяснение,0.0
объяснять,0.0
объясняться,0.0
обычный,0.0
обязанность,0.0
обязательно,0.0
обязательность,0.0
обязательный,0.0
обязать,0.0
овз,0.0
огородов,0.0
ограничение,0.0
ограниченный,0.0
объединять,0.0
образование,0.0
образованиематериал,0.0
образованиивсего,0.0
образованиикак,0.0
образованиюучастник,0.0
образованиявота,0.0
образованиявый,0.0
образованияглавный,0.0
образованиякром,0.0
образованияопыт,0.0
образованияосваивать,0.0
образованияпрограмма,0.0
образованиять,0.0
образованияучастник,0.0
обучаться,0.0
образовательный,0.0
обратить,0.0
обратиться,0.0
обратный,0.0
обрисовать,0.0
обстановка,0.0
обсудить,0.0
обсуждать,0.0
обсуждаться,0.0
обсуждение,0.0
обусловить,0.0
обустраивать,0.0
обустроить,0.0
обучать,0.0
образованияфорум,0.0
олимпиада,0.0
олимпиадть,0.0
олимпийский,0.0
ольга,0.0
онаподводить,0.0
они,0.0
онлайн,0.0
онлайнконференция,0.0
онлайнкурс,0.0
онлайнмероприятие,0.0
онлайнобразование,0.0
hackathon,0.0
онлайнсеминар,0.0
онлайнформат,0.0
ограничивать,0.0
онтология,0.0
ооо,0.0
оп,0.0
оперативный,0.0
оператор,0.0
опираться,0.0
описывать,0.0
опора,0.0
опорный,0.0
определение,0.0
определить,0.0
определиться,0.0
определять,0.0
определяться,0.0
оно,0.0
ограничить,0.0
огромный,0.0
одежда,0.0
одержать,0.0
один,0.0
одиссея,0.0
однако,0.0
одновременно,0.0
одногодичный,0.0
одноимённый,0.0
однородность,0.0
ожидание,0.0
ожидать,0.0
озвучить,0.0
олегович,0.0
ознакомительный,0.0
ознакомиться,0.0
оказаться,0.0
океан,0.0
окончание,0.0
окончательно,0.0
окончательный,0.0
окончить,0.0
округ,0.0
окружать,0.0
окружающий,0.0
окружение,0.0
оксана,0.0
октябрь,0.0
олег,0.0
оздоровление,0.0
непосредственно,0.0
непосредственный,0.0
неправильно,0.0
неправильный,0.0
непрерывный,0.0
непрофильный,0.0
нерадовскаять,0.0
неразрывный,0.0
несколько,0.0
неслучайно,0.0
несмотря,0.0
нестандартный,0.0
нестеренко,0.0
нетворкингсессия,0.0
образованец,0.0
неформальный,0.0
нефтяной,0.0
нехимический,0.0
неясность,0.0
нижний,0.0
низкий,0.0
нии,0.0
никакой,0.0
никита,0.0
никто,0.0
нит,0.0
ниу,0.0
ничто,0.0
новация,0.0
неуютный,0.0
нейро,0.0
нейроинтерфейсный,0.0
нейромеханизм,0.0
нейронаука,0.0
нейрооборудование,0.0
нейропедагогика,0.0
нейросеть,0.0
нейротехнология,0.0
нейротомск,0.0
некоторый,0.0
немаленький,0.0
неминуемо,0.0
немного,0.0
немой,0.0
непонимание,0.0
необходимо,0.0
необходимоподать,0.0
необходимость,0.0
необходимый,0.0
необычный,0.0
неоднородный,0.0
неожиданно,0.0
неожиданный,0.0
неопределённость,0.0
неорганический,0.0
неофициально,0.0
неочевидный,0.0
непедагогический,0.0
неплохо,0.0
ненужность,0.0
обеспечивать,0.0
обеспечить,0.0
обладать,0.0
область,0.0
облегчение,0.0
облегчить,0.0
обмен,0.0
обмениваться,0.0
обменяться,0.0
обмолин,0.0
обнаружить,0.0
обнаружиться,0.0
обновить,0.0
обновиться,0.0
новгород,0.0
обновлять,0.0
обобщение,0.0
обобщить,0.0
обобщённо,0.0
обобщённый,0.0
обогащение,0.0
обозначить,0.0
оборудование,0.0
оборудовать,0.0
обоснование,0.0
обоснованность,0.0
обострить,0.0
обработка,0.0
образ,0.0
обновление,0.0
новинка,0.0
новобранец,0.0
нововведение,0.0
новосибирск,0.0
новосибирский,0.0
новость,0.0
новый,0.0
номинация,0.0
нооген,0.0
норма,0.0
нормально,0.0
норматив,0.0
нормативный,0.0
носить,0.0
обеспечение,0.0
ноябретекст,0.0
ноябрь,0.0
нравственный,0.0
нрк,0.0
нужда,0.0
нуждаться,0.0
нужнакарина,0.0
нужно,0.0
нужный,0.0
нуль,0.0
нынешний,0.0
нюанс,0.0
оба,0.0
обдумывание,0.0
обед,0.0
ноутбук,0.0
каплан,0.0
каракчиев,0.0
караокепать,0.0
каргаск,0.0
карина,0.0
карта,0.0
картина,0.0
картинка,0.0
картирование,0.0
картографический,0.0
карусель,0.0
карьера,0.0
карьерный,0.0
карьеропостроение,0.0
мем,0.0
касаемо,0.0
касательно,0.0
касаться,0.0
катиться,0.0
кафедра,0.0
качественный,0.0
качество,0.0
квалификацийоткрылый,0.0
квалификацийсвой,0.0
квалификационный,0.0
квалификация,0.0
квалифицировать,0.0
квантовый,0.0
квест,0.0
карьерыконкурс,0.0
итог,0.0
итоговойпо,0.0
итоговый,0.0
иэм,0.0
июль,0.0
июльский,0.0
июнь,0.0
ия,0.0
йога,0.0
кабинет,0.0
кабышев,0.0
кадр,0.0
кадровый,0.0
каждый,0.0
капитализировать,0.0
казанский,0.0
казань,0.0
казаться,0.0
какиеть,0.0
каковой,0.0
какой,0.0
както,0.0
какуюто,0.0
калининград,0.0
калужанин,0.0
кандидат,0.0
кандидатский,0.0
каникулы,0.0
кант,0.0
кажущийся,0.0
клуб,0.0
ключ,0.0
ключевой,0.0
книга,0.0
ковалёв,0.0
коворкинг,0.0
когнитивный,0.0
код,0.0
козубенко,0.0
кой,0.0
колесник,0.0
колесо,0.0
количество,0.0
коллаборация,0.0
квиза,0.0
колледж,0.0
коллективать,0.0
коллективнотворческий,0.0
коллизия,0.0
колумбия,0.0
команда,0.0
командный,0.0
комбинированный,0.0
комиссия,0.0
комитет,0.0
коммуникативный,0.0
коммуникацииэти,0.0
коммуникационный,0.0
коммуникация,0.0
коллега,0.0
квизе,0.0
кгу,0.0
кедр,0.0
кейс,0.0
кейслаборатория,0.0
кейссессия,0.0
кент,0.0
киберкласс,0.0
киберфизический,0.0
ким,0.0
киноклуб,0.0
кира,0.0
кирилл,0.0
киселёв,0.0
клоп,0.0
китай,0.0
класс,0.0
классать,0.0
классика,0.0
классификация,0.0
классический,0.0
классическихотмечаться,0.0
класть,0.0
клевцов,0.0
клеточка,0.0
клиент,0.0
клиентский,0.0
климовакурс,0.0
клок,0.0
кисловка,0.0
иметься,0.0
иммануил,0.0
импровизация,0.0
имя,0.0
иначе,0.0
инвалидность,0.0
инвестировать,0.0
инвестор,0.0
ингибитор,0.0
индивидуализация,0.0
индивидуально,0.0
индивидуальный,0.0
индия,0.0
индустриальный,0.0
итмый,0.0
инженер,0.0
инженерисполнитель,0.0
инженерисследователь,0.0
инженерия,0.0
инженерноэкологический,0.0
инженерный,0.0
инженерразработчик,0.0
инициатива,0.0
инициативный,0.0
инновационный,0.0
инновация,0.0
иногородний,0.0
иностранец,0.0
иностранный,0.0
индустрия,0.0
идеиодный,0.0
идентифицировать,0.0
идентичность,0.0
идеолог,0.0
идея,0.0
идти,0.0
издательство,0.0
излечить,0.0
излишний,0.0
излучение,0.0
изменение,0.0
изменить,0.0
измениться,0.0
изменять,0.0
иметь,0.0
измерять,0.0
изначально,0.0
изнутри,0.0
изобразить,0.0
изобретательный,0.0
изучать,0.0
изучаться,0.0
изучение,0.0
изучить,0.0
изыскание,0.0
иик,0.0
иикто,0.0
илья,0.0
именно,0.0
измерение,0.0
ипостась,0.0
ирина,0.0
иркутск,0.0
иркутский,0.0
искажение,0.0
искажённый,0.0
искать,0.0
исключать,0.0
исключая,0.0
искусственный,0.0
искусство,0.0
испания,0.0
использование,0.0
использовать,0.0
институализировать,0.0
испытание,0.0
исследование,0.0
исследованиямнапомнить,0.0
исследователипсихолог,0.0
исследователь,0.0
исследовательск,0.0
исследовательский,0.0
исследовать,0.0
истолкование,0.0
исторический,0.0
история,0.0
источник,0.0
исходить,0.0
исчезать,0.0
использоваться,0.0
институт,0.0
институциональный,0.0
инструкция,0.0
инструмент,0.0
инструментарий,0.0
интеграция,0.0
интегрировать,0.0
интекласс,0.0
интеллект,0.0
интеллектаценный,0.0
интеллектуальный,0.0
интенсив,0.0
интенсивный,0.0
интерактивный,0.0
ипмкн,0.0
интервью,0.0
интерес,0.0
интересней,0.0
интереснойпосле,0.0
интересный,0.0
интересовать,0.0
интересоваться,0.0
интересовтак,0.0
интернетподключение,0.0
инфографик,0.0
информационноаналитический,0.0
информационный,0.0
информация,0.0
инфраструктура,0.0
иостратегический,0.0
интервенция,0.0
лингвохакатон,0.0
линия,0.0
лисьева,0.0
литвиненко,0.0
лихачёв,0.0
лицей,0.0
лично,0.0
личностный,0.0
личность,0.0
личный,0.0
лишать,0.0
лишь,0.0
логика,0.0
ломоносов,0.0
компанииработодатель,0.0
лонгитюдный,0.0
лубковый,0.0
луганский,0.0
луковз,0.0
луковый,0.0
луноход,0.0
лфмша,0.0
любим,0.0
любить,0.0
любовь,0.0
любой,0.0
любопытство,0.0
людмила,0.0
лёгкий,0.0
ломоносовский,0.0
лагерь,0.0
лагеряхдлить,0.0
лайфхак,0.0
ланевский,0.0
ларионов,0.0
лариса,0.0
латышев,0.0
лев,0.0
легенда,0.0
лежать,0.0
лекционный,0.0
лекция,0.0
лесник,0.0
летие,0.0
лингвистический,0.0
лето,0.0
лечебный,0.0
лечение,0.0
либо,0.0
лига,0.0
лигекоманда,0.0
лидер,0.0
лидерский,0.0
лидерство,0.0
лидия,0.0
лилия,0.0
лимассол,0.0
лингвахакатон,0.0
лингвистика,0.0
летний,0.0
масштабирование,0.0
матвеев,0.0
матвей,0.0
математика,0.0
материал,0.0
матрица,0.0
мафия,0.0
махрина,0.0
мацутать,0.0
мацуть,0.0
маштакеев,0.0
мая,0.0
мв,0.0
мгпу,0.0
лёд,0.0
мегапроект,0.0
медиа,0.0
медиагруппа,0.0
медиамаркетинг,0.0
медик,0.0
медицина,0.0
медицинский,0.0
медсить,0.0
междисциплинарность,0.0
междисциплинарный,0.0
международный,0.0
межмодуль,0.0
межмодульный,0.0
межрегиональный,0.0
мгу,0.0
магистерский,0.0
магистр,0.0
магистрант,0.0
магистратура,0.0
магистратурыаспирантура,0.0
магистратурыстудент,0.0
мажуга,0.0
май,0.0
максимально,0.0
максимальный,0.0
маленький,0.0
мали,0.0
малое,0.0
малый,0.0
масштаб,0.0
манифест,0.0
марафон,0.0
марий,0.0
марина,0.0
маркёр,0.0
марсель,0.0
март,0.0
маршрут,0.0
масса,0.0
массив,0.0
мастер,0.0
мастеркласс,0.0
мастеркласса,0.0
мастермайндвстреча,0.0
мастерская,0.0
мандражка,0.0
конкурсный,0.0
консолидировать,0.0
консорциум,0.0
константин,0.0
конструирование,0.0
конструировать,0.0
конструктор,0.0
конструкторалабиринт,0.0
конструкторский,0.0
конструкция,0.0
консультация,0.0
консультирование,0.0
консультировать,0.0
консультироваться,0.0
лагерный,0.0
контекст,0.0
контент,0.0
континент,0.0
контрольный,0.0
контур,0.0
конференцииисследование,0.0
конференция,0.0
конфигурация,0.0
конфликт,0.0
конфликтный,0.0
концать,0.0
концентрациюобсудить,0.0
концентрироваться,0.0
концепт,0.0
контакт,0.0
компанийз,0.0
компанийлидер,0.0
компания,0.0
компетентностный,0.0
компетенцийамбассадор,0.0
компетенцийвтора,0.0
компетенцийдмитрий,0.0
компетенцийтомский,0.0
компетенцийуже,0.0
компетенция,0.0
комплексно,0.0
комплексный,0.0
компонент,0.0
компонента,0.0
конкурсант,0.0
комуть,0.0
комфортно,0.0
комфортный,0.0
комьюнитименеджер,0.0
конгресс,0.0
конец,0.0
конечный,0.0
конкретный,0.0
конкурентность,0.0
конкурентный,0.0
конкурентоспособность,0.0
конкурентоспособный,0.0
конкуренция,0.0
конкурс,0.0
компьютерный,0.0
критерий,0.0
кроме,0.0
круг,0.0
круглый,0.0
крупный,0.0
крутиться,0.0
ксения,0.0
кстати,0.0
ктаб,0.0
кто,0.0
ктоть,0.0
куб,0.0
кубик,0.0
кубориада,0.0
концептуализация,0.0
кузнецов,0.0
культура,0.0
культурнодосуговый,0.0
культурный,0.0
куратор,0.0
курсовой,0.0
курсовыхв,0.0
кусково,0.0
кфу,0.0
кцп,0.0
лабиринт,0.0
лаборатория,0.0
лабораторный,0.0
лагерейшкола,0.0
куборо,0.0
концептуальный,0.0
концепция,0.0
концерт,0.0
кооперация,0.0
координата,0.0
коровин,0.0
коротаев,0.0
короткий,0.0
корпоративный,0.0
корпорация,0.0
корректив,0.0
корректировка,0.0
корреспондент,0.0
коснуться,0.0
кристина,0.0
коучами,0.0
коучий,0.0
коучинга,0.0
коучить,0.0
кофейня,0.0
крайне,0.0
краснодарский,0.0
красноярский,0.0
красноярсктомский,0.0
краткий,0.0
краяодный,0.0
креативность,0.0
креативный,0.0
кризисазакать,0.0
кризисный,0.0
костомаров,0.0
